{
  "arabica": [
    {
      "foto": "images/produk/product_capuchino.jpg",
      "nama": "Cappuccino Arabica",
      "size": "500 Ml",
      "harga": "40.000",
      "link": "https://www.google.com/search?q=cappuccino+arabica&tbm=shop"
    },
    {
      "foto": "images/produk/product_espresso.jpg",
      "nama": "Pahit Arabica",
      "size": "100 Ml",
      "harga": "23.000",
      "link": "https://www.google.com/search?q=pahit+arabica&tbm=shop"
    },
    {
      "foto": "images/produk/product_latte.jpg",
      "nama": "Latte Arabica",
      "size": "150 Gram",
      "harga": "19.000",
      "link": "https://www.google.com/search?q=latte+arabica&tbm=shop"
    },
    {
      "nama": "Arabica Wamena",
      "size": "150 ml",
      "harga": "35.000",
      "link": "#",
      "foto": "https://encrypted-tbn0.gstatic.com/images?q=tbn:ANd9GcSwjVI9Bb3BLiszbOugTM11UnLRRjB27xDn8w&usqp=CAU"
    },
    {
      "nama": "Sanger Arabica",
      "size": "150 ml",
      "harga": "25.000",
      "link": "#",
      "foto": "https://blue.kumparan.com/image/upload/fl_progressive,fl_lossy,c_fill,q_auto:best,w_640/v1560598052/tq907urgcjjazy3ydymf.jpg"
    }
  ],
  "robusta": [
    {
      "foto": "images/produk/product_kopi_susu.jpg",
      "nama": "Kopi Susu Robusta",
      "size": "100 Gram",
      "harga": "30.000",
      "link": "https://www.google.com/search?q=kopi+susu+robusta&tbm=shop"
    },
    {
      "foto": "images/produk/product_latte.jpg",
      "nama": "Latte Robusta",
      "size": "150 Gram",
      "harga": "150.000",
      "link": "https://www.google.com/search?q=latte+robusta&tbm=shop"
    },
    {
      "nama": "Macchiato Robusta",
      "size": "100 ml",
      "harga": "25.000",
      "link": "#",
      "foto": "https://encrypted-tbn0.gstatic.com/images?q=tbn:ANd9GcTdlAzxgTpFn2gKonlXejslWtvM-rlIuLGOkGXQT2UdWEPviD2WY46EaAI&s=10"
    },
    {
      "nama": "Robusta Affiago",
      "size": "100 ml",
      "harga": "20.000",
      "link": "#",
      "foto": "https://encrypted-tbn0.gstatic.com/images?q=tbn:ANd9GcTULtxXl4nbEAsaU6zHAq4IOiCKSmWNM8hfOCZQW829V9nkdJbp8cVOEOs&s=10"
    },
    {
      "nama": "Robusta Tiramisu",
      "size": "200 ml",
      "harga": "33.000",
      "link": "#",
      "foto": "https://encrypted-tbn0.gstatic.com/images?q=tbn:ANd9GcTQnS5o0klK5KuTjw9XJ11poJ6IcQkYe-czLg&usqp=CAU"
    }
  ],
  "nonkopi": [
    {
      "foto": "https://img.freepik.com/free-photo/top-view-set-ice-cream-cones-with-chocolate_23-2148425392.jpg",
      "nama": "Ice Cream",
      "size": "100 Gram",
      "harga": "10.000",
      "link": "https://www.google.com/search?q=ice+cream+cone&tbm=shop"
    },
    {
      "nama": "Thai Tea",
      "size": "250 Ml",
      "harga": "19.000",
      "link": "#",
      "foto": "https://encrypted-tbn0.gstatic.com/images?q=tbn:ANd9GcRtkd7aywmyCVXdy8Irn4XJrTXEDIpdrWqVmA&usqp=CAU"
    },
    {
      "nama": "Green Tea Latte ",
      "size": "250 Ml",
      "harga": "25.000",
      "link": "#",
      "foto": "https://encrypted-tbn0.gstatic.com/images?q=tbn:ANd9GcQZxbnpMkMMgwrb6CRCfZfD9uwjIpEU9j2Fe4KSFDZnasCHEKafERxBXWY&s=10"
    },
    {
      "nama": "Lemon Tea",
      "size": "100 ml",
      "harga": "12.000",
      "link": "#",
      "foto": "https://encrypted-tbn0.gstatic.com/images?q=tbn:ANd9GcS_lDVBq3BZO0Ss7ynSPW5EH-23RSrvp68RTQUXd_WwiEV7VKiwzm-ZXyGN&s=10"
    },
    {
      "nama": "Lychee Tea",
      "size": "120 ml",
      "harga": "18.000",
      "link": "#",
      "foto": "https://encrypted-tbn0.gstatic.com/images?q=tbn:ANd9GcSKpZrwWvWzyIgcZIIpqCDOutvw7RfR-W74WbH-m4Id61wfKwwn55oGyrE&s=10"
    }
  ],
  "snack": [
    {
      "nama": "Tahu Lada Cabe Garam",
      "size": "100gram",
      "harga": "15.000",
      "link": "#",
      "foto": "https://encrypted-tbn0.gstatic.com/images?q=tbn:ANd9GcRSNX-t-wqJAEvWckZbZTWz6soCOsz1-hr7BtvD-3mDGGqO1SPL7s6cMc_J&s=10"
    },
    {
      "nama": "Pisang Keju",
      "size": "150 gram",
      "harga": "25.000",
      "link": "#",
      "foto": "https://encrypted-tbn0.gstatic.com/images?q=tbn:ANd9GcTeChhp9zmHOUGe8hFcSbgjtOno84qFDrRJwkskRWJ8TDHbpmY4EzhmYeg&s=10"
    },
    {
      "nama": "Fish And Chips",
      "size": "250 ml",
      "harga": "35.000",
      "link": "#",
      "foto": "https://encrypted-tbn0.gstatic.com/images?q=tbn:ANd9GcTR3sLkymA6p7bbb7RceHHSvWyR2KN39p8xeWpxH3pWGlZYeG8zpXFLpNs&s=10"
    },
    {
      "nama": "Onion Ring",
      "size": "100 ml",
      "harga": "20.000",
      "link": "#",
      "foto": "https://encrypted-tbn0.gstatic.com/images?q=tbn:ANd9GcTR8mkKuuE8A7PEdo_wuuESeQlGOJsnYhDsBF6D15OqcClYyZ8cxmslajGU&s=10"
    },
    {
      "nama": "Roti Bakar Stawberry",
      "size": "120 ml",
      "harga": "20.000",
      "link": "#",
      "foto": "https://encrypted-tbn0.gstatic.com/images?q=tbn:ANd9GcRq3ncfFV2kdvGjQjQmFSegZi5sbrScId8T1AbWLBI54umzfPMi8Zv7r7M&s=10"
    }
  ]
}